Name,Year,Letterboxd URI,MyRating,Review,Watched Date,Rating,Synopsis,Genres,Director,Country,Runtime
District 9,2009,https://boxd.it/61Ggrt,0.5,"achei um filme imperialista pra caralho, dava pra trabalhar melhor ali √† divis√£o de classe que tem o filme, de forma a criar uma narrativa interessante alem do amor como motiva√ß√£o.",2024-03-10,7.46,"Thirty years ago, aliens arrive on Earth. Not to conquer or give aid, but to find refuge from their dying planet. Separated from humans in a South African area called District 9, the aliens are managed by Multi-National United, which is unconcerned with the aliens' welfare but will do anything to master their advanced technology. When a company field agent contracts a mysterious virus that begins to alter his DNA, there is only one place he can hide: District 9.",['Science Fiction'],['Neill Blomkamp'],"['New Zealand', 'South Africa', 'United States of America']",112
Beyond the Infinite Two Minutes,2020,https://boxd.it/62z5Nj,3.5,"√© bem divertido, sem cortes, te deixa imerso na historia",2024-03-12,7.265,"A cafe owner discovers that the TV in his cafe suddenly shows images from the future, but only two minutes into the future.","['Comedy', 'Science Fiction']",['Junta Yamaguchi'],['Japan'],70
Thanksgiving,2023,https://boxd.it/6adYqR,3.5,"me lembro de stab, foi divertido, um mal chamado consumismo como vil√£o",2024-03-29,6.485,"After a Black Friday riot ends in tragedy, a mysterious Thanksgiving-inspired killer terrorizes Plymouth, Massachusetts - the birthplace of the holiday. Picking off residents one by one, what begins as random revenge killings are soon revealed to be part of a larger, sinister holiday plan.","['Horror', 'Mystery']",['Eli Roth'],['United States of America'],106
Twenty Years Later,1984,https://boxd.it/6bWcbt,5.0,"puurrreeee cinema, luta de classe na veia",2024-04-01,8.451,"Eduardo Coutinho was filming a movie with the same name in the Northeast of Brazil, in 1964, when there came the military coup. He had to interrupt the project, and came back to it in 1981, looking for the same places and people, showing what had ocurred since then, and trying to gather a family whose patriarch, a political leader fighting for rights of country people, had been murdered.","['Documentary', 'History']",['Eduardo Coutinho'],['Brazil'],119
Hello Cubans,1963,https://boxd.it/6fkPS7,5.0,gostei demais da forma; muito baum,2024-04-09,7.349,"A photo montage of Cubans filmed by Agn√®s Varda during her visit to Cuba in 1963, four years after Fidel Castro came to power. This black & white documentary explores their socialist culture and society while making use of 1500 pictures (out of 4000!) the filmmaker took while on the island.",['Documentary'],['Agn√®s Varda'],"['Cuba', 'France']",30
Monster,2023,https://boxd.it/6guuy5,3.5,nossa,2024-04-12,5.102,"After being abducted and taken to a desolate house, a girl sets out to rescue her friend and escape from their malicious kidnapper.","['Thriller', 'Horror']",['Rako Prijanto'],['Indonesia'],84
The Guns,1964,https://boxd.it/6nGvaZ,5.0,isso √© bom demais meu deus,2024-04-30,7.307,"A team of allied saboteurs are assigned an impossible mission: infiltrate an impregnable Nazi-held island and destroy the two enormous long-range field guns that prevent the rescue of 2,000 trapped British soldiers.","['War', 'Adventure', 'Thriller', 'Action']",['J. Lee Thompson'],"['United Kingdom', 'United States of America']",160
Fake Blonde,2007,https://boxd.it/6rRBYf,4.5,"operaria, trabalhadora e explorada pelo poder do capital",2024-05-10,6.1,"Silmara, an industrial worker and a woman of exuberant beauty, supports her arsonist father and gets involved with two different pop stars, from whom she learns traumatic life lessons.","['Comedy', 'Drama']",['Carlos Reichenbach'],['Brazil'],105
The Woman of Everyone,1969,https://boxd.it/6rZur5,5.0,ELCV Cineclub bate papo com Helena Ignez,2024-05-10,7.7,"√Çngela Carne e Osso (Angela Meat and Bone), a young nymphomaniac, lives surrounded by delinquents, and exerts intense allure on them, dominating them all with her erotic power.","['Fantasy', 'Comedy', 'Drama']",['Rog√©rio Sganzerla'],['Brazil'],93
Late Night with the Devil,2023,https://boxd.it/6w7Ugf,2.0,"pra um formato televisivo achei legal, mas fora isso, nada mais me chamo tanta aten√ß√£o",2024-05-20,7.109,"A live broadcast of a late-night talk show in 1977 goes horribly wrong, unleashing evil into the nation's living rooms.",['Horror'],"['Cameron Cairnes', 'Colin Cairnes']","['Australia', 'United Arab Emirates', 'United States of America']",93
The Cabinet of Dr. Caligari,1920,https://boxd.it/6xzCkX,4.5,ELCV - Santo Andre,2024-05-24,7.927,"Francis, a young man, recalls in his memory the horrible experiences he and his fianc√©e Jane recently went through. Francis and his friend Alan visit The Cabinet of Dr. Caligari, an exhibit where the mysterious doctor shows the somnambulist Cesare, and awakens him for some moments from his death-like sleep.","['Drama', 'Horror', 'Thriller', 'Crime']",['Robert Wiene'],['Germany'],77
Bizarre Fish from the Abyssal Zone,2023,https://boxd.it/6xzDp5,3.0,ELCV - Santo Andre,2024-05-24,0.0,"A woman with weird superpowers, a turtle with obsessive-compulsive disorder and a cloud with rain incontinence on an unusual journey to the depths of the ocean.","['Animation', 'Adventure', 'Fantasy']",['Mar√£o'],['Brazil'],75
Vertigo,1958,https://boxd.it/6A4zmL,5.0,por um momento achei que todos eram loucos,2024-05-30,8.2,"A retired San Francisco detective suffering from acrophobia investigates the strange activities of an old friend's wife, all the while becoming dangerously obsessed with her.","['Mystery', 'Romance', 'Thriller']",['Alfred Hitchcock'],['United States of America'],128
"Master, a Building in Copacabana",2002,https://boxd.it/6E8aZn,4.5,a situa√ß√£o da classe trabalhadora em copacabana,2024-06-09,8.1,"The daily lives and routine of 37 families living in a huge 12-story building in Copacabana, Rio de Janeiro: their drama, aspirations, intimate revelations, loneliness, dreams...",['Documentary'],['Eduardo Coutinho'],['Brazil'],110
Rise of the Planet of the Apes,2011,https://boxd.it/6EZEqX,2.5,"mano como pode gorilla so come mato e ser
forte assim",2024-06-11,7.338,"A highly intelligent chimpanzee named Caesar has been living a peaceful suburban life ever since he was born. But when he gets taken to a cruel primate facility, Caesar decides to revolt against those who have harmed him.","['Thriller', 'Action', 'Drama', 'Science Fiction']",['Rupert Wyatt'],"['United Kingdom', 'United States of America']",105
Absolute Majority,1964,https://boxd.it/6F2TBR,4.0,um campones ter que comprar 1kg de farinha √© um desaforo mesmo,2024-06-11,9.0,"The documentary depicts the everyday of illiterate rural workers in Northeast Brazil, living under extreme misery. Although incapable of writing, they are aware of their condition and qualified to proposing solutions they hope for to their problems.",['Documentary'],['Leon Hirszman'],['Brazil'],19
The Face of Another,1966,https://boxd.it/6GOM3t,4.0,qual mascara vestimos para superar problemas?,2024-06-16,7.8,"A businessman with a disfigured face obtains a lifelike mask from his new doctor, but the mask starts altering his personality and causing him to question his identity.","['Drama', 'Science Fiction']",['Hiroshi Teshigahara'],['Japan'],122
Across the Universe,2007,https://boxd.it/6LZZMN,2.0,"tava indo bem, ai de repente desmonta toda a historia que estava sendo construindo e fica mo nada ve",2024-06-29,7.131,"When young dockworker Jude leaves Liverpool to find his estranged father in the United States, he is swept up by the waves of change that are re-shaping the nation. Jude falls in love with Lucy, who joins the growing anti-war movement. As the body count in Vietnam rises, political tensions at home spiral out of control and the star-crossed lovers find themselves in a psychedelic world gone mad.","['Drama', 'Romance', 'Fantasy']",['Julie Taymor'],['United States of America'],133
Butterfly,1999,https://boxd.it/6MqEIT,4.0,e pensar que a espanha ate hoje vive uma monarquia,2024-06-30,7.359,"The film centres on Moncho and his coming-of-age experience in Galicia in 1936. Moncho develops a close relationship with his teacher Don Gregorio who introduces the boy to different things in the world. While the story centres on Moncho's ordinary coming-of-age experiences, tensions related to the looming Spanish Civil War periodically interrupt Moncho's personal growth and daily life.",['Drama'],['Jos√© Luis Cuerda'],['Spain'],96
The Vanishing,1988,https://boxd.it/6RRrfX,5.0,n√£o acredite em her√≥is,2024-07-13,7.437,"Rex and Saskia, a young couple in love, are on vacation when they stop at a busy service station. Saskia is abducted in broad daylight and three years pass with no answers or closure surrounding her disappearance. Rex has nearly given up all hope when he suddenly begins receiving letters from her abductor.","['Thriller', 'Mystery']",['George Sluizer'],"['Netherlands', 'France', 'Germany']",106
Ninotchka,1939,https://boxd.it/6RV0jr,3.5,"propaganda anti comunista, a foto na cabeceira do lenin, num quarto de luxo, a ‚ÄúCamaradagem‚Äù, tudo soa como uma caricatura dos bolcheviques, mas ainda sim √© um filme com uma certa tens√£o na paix√£o, foi divertido.",2024-07-13,7.493,A stern Russian woman sent to Paris on official business finds herself attracted to a man who represents everything she is supposed to detest.,"['Comedy', 'Romance']",['Ernst Lubitsch'],['United States of America'],110
Men,2022,https://boxd.it/6YWpB1,1.0,eu ein,2024-07-28,6.088,"In the aftermath of a personal tragedy, Harper retreats alone to the beautiful English countryside, hoping to find a place to heal. But someone ‚Äî or something ‚Äî from the surrounding woods appears to be stalking her, and what begins as simmering dread becomes a fully-formed nightmare, inhabited by her darkest memories and fears.","['Horror', 'Thriller', 'Fantasy']",['Alex Garland'],"['United Kingdom', 'United States of America']",100
The First Omen,2024,https://boxd.it/6ZRR49,4.0,"A frase que me vem a cabe√ßa com esse filme foi: ""o verdadeiro ateu √© o teologo"". Aquele que entende historicamente a religi√£o e entende o impacto dela socialmente. Em 1971 na Italia, uma revista esquerda exp√µe o plano da extrema direita em matar o presidente Italiano.

A partir desse fato o filme tomou outra perspectiva pra mim. Fato esse que o filme n√£o esclarece.

Diante desse suposto contexto, ocorrem as manifesta√ß√µes politicas que o filme coloca como ambiente em Roma. A igreja ent√£o tem plano de teocracia, um plano de aproxima√ß√£o desses jovens rebeldes e da sociedade em geral. Criar e dominar o Anticristo, fazendo articula√ß√µes politicas de interesse da igreja para garantir a religi√£o como fundamento no pensamento?

Adorei o filme demais, a transforma√ß√£o da protagonista, frente as descobertas dos fatos, frente aos desafios da descoberta da aliena√ß√£o, de atender a expectativa da f√© e da igreja. adorei mesmo",2024-07-30,6.843,"When a young American woman is sent to Rome to begin a life of service to the church, she encounters a darkness that causes her to question her own faith and uncovers a terrifying conspiracy that hopes to bring about the birth of evil incarnate.",['Horror'],['Arkasha Stevenson'],['United States of America'],119
Drive,2011,https://boxd.it/78Q1Tj,4.0,eu como bom gearhead adoro a referencia kavinsky do come√ßo( o personagem que morre numa testarrosa). Esse cara o que tem de piloto tem de emocionado pqp mas adoro o filme,2024-08-19,7.583,"Driver is a skilled Hollywood stuntman who moonlights as a getaway driver for criminals. Though he projects an icy exterior, lately he's been warming up to a pretty neighbor named Irene and her young son, Benicio. When Irene's husband gets out of jail, he enlists Driver's help in a million-dollar heist. The job goes horribly wrong, and Driver must risk his life to protect Irene and Benicio from the vengeful masterminds behind the robbery.","['Drama', 'Thriller', 'Crime']",['Nicolas Winding Refn'],['United States of America'],100
12 Angry Men,1957,https://boxd.it/79lfA3,5.0,caraio que filma√ßo,2024-08-21,8.6,"The defense and the prosecution have rested and the jury is filing into the jury room to decide if a young Spanish-American is guilty or innocent of murdering his father. What begins as an open and shut case soon becomes a mini-drama of each of the jurors' prejudices and preconceptions about the trial, the accused, and each other.",['Drama'],['Sidney Lumet'],['United States of America'],97
The Verdict,1982,https://boxd.it/7a6Psj,4.0,do mesmo diretor de 12 angry men mas agora um advogado esfor√ßado a defender o caso,2024-08-22,7.439,"Frank Galvin is a down-on-his-luck lawyer and reduced to drinking and ambulance chasing, when a former associate reminds him of his obligations in a medical malpractice suit by serving it to Galvin on a silver platter‚Äîall parties are willing to settle out of court. Blundering his way through the preliminaries, Galvin suddenly realizes that the case should actually go to court‚Äîto punish the guilty, to get a decent settlement for his clients... and to restore his standing as a lawyer.",['Drama'],['Sidney Lumet'],['United States of America'],129
Ghost Dog: The Way of the Samurai,1999,https://boxd.it/7b6sUD,4.0,"o filme eh um som do wutang em formato de arte audiovisual.a forma que as varias culturas sao exibidas - a mafia italiana, a cultura samurai, o haitiano e logico o hiphop, toda narrativa guiada pela filosofia de samurai que o protagonista adota, esse mundo multicultural que se apresenta ganhou toda minha aten√ß√£o.",2024-08-24,7.34,A Black hitman who models after the samurai of old finds himself targeted for death by the mob.,"['Crime', 'Drama']",['Jim Jarmusch'],"['France', 'Germany', 'Japan', 'United States of America']",116
Opening Night,1977,https://boxd.it/7bAwaT,5.0,amei demais.,2024-08-25,7.6,"Actress Myrtle Gordon is a functioning alcoholic who is a few days from the opening night of her latest play, concerning a woman distraught about aging. One night a car kills one of Myrtle's fans who is chasing her limousine in an attempt to get the star's attention. Myrtle internalizes the accident and goes on a spiritual quest, but fails to finds the answers she is after. As opening night inches closer and closer, fragile Myrtle must find a way to make the show go on.",['Drama'],['John Cassavetes'],['United States of America'],144
Motel Destino,2024,https://boxd.it/7cZ1RB,4.0,a cena que ta um breu e as luzes das helice da companhia de luz piscando da um ar de ‚Äúeles vao ser abduzidos‚Äù hahaha,2024-08-28,6.7,"Motel Destino, a sex hotel in Northern Brazil, is run by the hot-headed Elias and his restless wife, Dayana. When a young gang member on the run named Heraldo stays at the motel, Dayana becomes intrigued with him. As the two navigate a dance of power and desire, a dangerous plan for freedom emerges.","['Thriller', 'Drama', 'Romance']",['Karim A√Ønouz'],"['Brazil', 'France', 'Germany']",115
Shutter,2004,https://boxd.it/7jN3rT,3.5,caraio,2024-09-13,7.297,"When Jane and Tun run over a girl in a car accident, they speed away immediately from the crime scene. However, Tun, a photographer, soon discovers strange shadows in his photos, which unsettles them.","['Horror', 'Mystery', 'Thriller']","['Parkpoom Wongpoom', 'Banjong Pisanthanakun']",['Thailand'],96
Limite,1931,https://boxd.it/7kfgiB,5.0,"ELCV com sonoriza√ß√£o ao vivo.

viva o cinema experimental, viva o cinema nacional, perfeito.",2024-09-14,7.1,"Adrift in the vast expanse of the ocean, a solitary boat carries three castaways‚Äîa man and two women. Stranded and devoid of any glimmer of rescue, they find solace in recounting the tales of their lives to one another. As they delve into their personal narratives, reminiscing about the circumstances that led them to this desolate predicament, they navigate through the depths of three distinct destinies. Bound by the confines of their shared space, every aspect of their existence becomes a boundary, underscoring their plight.","['Drama', 'Adventure']",['M√°rio Peixoto'],['Brazil'],114
The Meg,2018,https://boxd.it/7kuYb5,2.0,duas estrelas por causa da cena do barco,2024-09-14,6.252,"A deep sea submersible pilot revisits his past fears in the Mariana Trench, and accidentally unleashes the seventy foot ancestor of the Great White Shark believed to be extinct.","['Action', 'Science Fiction', 'Horror']",['Jon Turteltaub'],"['China', 'United States of America']",113
Blood and Black Lace,1964,https://boxd.it/7mnvQd,4.0,ninguem ta puro na santa crcilia,2024-09-18,7.3,"Isabella, a young model, is murdered by a mysterious masked figure at a fashion house in Rome. When her diary, which details the house employees' many vices, disappears, the masked killer begins killing off all the models in and around the house to find it.","['Horror', 'Thriller', 'Mystery']",['Mario Bava'],"['Germany', 'France', 'Italy']",88
"Sal√≤, or the 120 Days of Sodom",1975,https://boxd.it/7oIIgH,5.0,"‚Äúporque Deus, nos abandonastes?‚Äù",2024-09-24,6.351,"Four corrupted fascist libertines round up 9 teenage boys and girls and subject them to 120 days of sadistic physical, mental and sexual torture.","['Horror', 'Drama']",['Pier Paolo Pasolini'],"['Italy', 'France']",116
Apartment 7A,2024,https://boxd.it/7vYxqV,4.0,oxi entendi mt bem o hate todo nao,2024-10-09,6.128,"A struggling young dancer finds herself drawn in by dark forces when a peculiar, well-connected older couple promise her a shot at fame.","['Horror', 'Thriller']",['Natalie Erika James'],['United States of America'],104
Serpico,1973,https://boxd.it/7wxqXD,3.5,os outfit do frank eh mt style,2024-10-11,7.534,New York cop Frank Serpico blows the whistle on the rampant corruption in the force only to have his comrades turn against him.,"['Crime', 'Drama']",['Sidney Lumet'],['United States of America'],129
Night on Earth,1991,https://boxd.it/7Aq52j,4.0,Gena Rowlands e Giancarlo Esposito foi uma surpresa muito agrad√°vel,2024-10-18,7.512,A quintet of cabbies in five cities and their remarkable fares on the same eventful night.,"['Comedy', 'Drama']",['Jim Jarmusch'],"['United States of America', 'Japan']",128
Belle de Jour,1967,https://boxd.it/7AF9tj,5.0,meu deus esse filme acabo comigo,2024-10-19,7.323,"Beautiful young housewife S√©verine Serizy cannot reconcile her masochistic fantasies with her everyday life alongside dutiful husband Pierre. When her lovestruck friend Henri mentions a secretive high-class brothel run by Madame Anais, S√©verine begins to work there during the day under the name Belle de Jour. But when one of her clients grows possessive, she must try to go back to her normal life.","['Drama', 'Romance']",['Luis Bu√±uel'],"['France', 'Italy']",101
Wonder Woman 1984,2020,https://boxd.it/7BjHJZ,4.0,"um bom filme de her√≥i. brega porem, lindo",2024-10-20,6.381,A botched store robbery places Wonder Woman in a global battle against a powerful and mysterious ancient force that puts her powers in jeopardy.,"['Action', 'Adventure', 'Fantasy']",['Patty Jenkins'],['United States of America'],151
F for Fake,1973,https://boxd.it/7BxnOX,5.0,"isso foi muito legal, me lembrou os textos do
walter benjamim em v√°rios momentos",2024-10-20,7.4,"Documents the lives of infamous fakers Elmyr de Hory and Clifford Irving. De Hory, who later committed suicide to avoid more prison time, made his name by selling forged works of art by painters like Picasso and Matisse. Irving was infamous for writing a fake autobiography of Howard Hughes. Welles moves between documentary and fiction as he examines the fundamental elements of fraud and the people who commit fraud at the expense of others.",['Documentary'],['Orson Welles'],"['France', 'Germany', 'Iran']",89
Belly,1998,https://boxd.it/7BQFdj,5.0,"que obra de arte!
deve representar a hist√≥ria de muita gente na periferia, principalmente com os anos 90 e se me permitirem fazer um paralelo, pelo que ‚Äúsobrevivendo no inferno‚Äù conta do que era aquele tempo.
Nas e Dmx como protagonista, os jogos de luze, a posicao da camera, a intro a capella, a propria mise en scene √© simplesmente impec√°vel pra mim. perfeito

So a legenda em prbr que tava uma merda hahahaha e na amazon (mgn+) tem o filme mas n tem legenda em ptbr",2024-10-21,6.0,"Tommy Bundy and Sincere are best friends as well as infamous and ruthless criminals and shot-callers in the hood. Respected by many but feared by all.  As the police are closing in on them and new players are looking for a come up, will their reign last?","['Crime', 'Drama']",['Hype Williams'],['United States of America'],96
The Gambler,1974,https://boxd.it/7IuSil,3.5,maluco sem fim porra,2024-11-03,6.7,New York City English professor Axel Freed outwardly seems like an upstanding citizen. But privately Freed is in the clutches of a severe gambling addiction that threatens to destroy him.,"['Drama', 'Crime']",['Karel Reisz'],['United States of America'],111
Death Proof,2007,https://boxd.it/7IPrxZ,5.0,"o melhor filme pra quem √© gearhead e cinefilo, boa trilha e o final do vil√£o √© muito bom!",2024-11-03,6.838,"Austin's hottest DJ, Jungle Julia, sets out into the night to unwind with her two friends Shanna and Arlene. Covertly tracking their moves is Stuntman Mike, a scarred rebel leering from behind the wheel of his muscle car, revving just feet away.","['Action', 'Thriller']",['Quentin Tarantino'],['United States of America'],113
Rashomon,1950,https://boxd.it/7LcWdb,5.0,"√© sobre narrativa, mas √© sobre tamb√©m justi√ßa.",2024-11-08,8.046,Four people recount different versions of the story of a man's murder and the rape of his wife.,"['Crime', 'Drama', 'Mystery']",['Akira Kurosawa'],['Japan'],88
Used Cars,1980,https://boxd.it/7OCdAt,4.0,o cachorro √© o melhor ator. √â absurdo em v√°rios aspectos mas isso pra mim foi lindo,2024-11-15,6.395,"When the owner of a struggling used car lot is killed, it's up to the lot's hot-shot salesman to save the property from falling into the hands of the owner's ruthless brother and used-car rival.",['Comedy'],['Robert Zemeckis'],['United States of America'],113
Theorem,1968,https://boxd.it/7P1mqn,5.0,e se Deus fizesse sexo com a burguesia e tocasse ela a ponto de abrir m√£o da sua fabrica?,2024-11-16,7.016,"A wealthy Italian household is turned upside down when a handsome stranger arrives, seduces every family member and then disappears. Each has an epiphany of sorts, but none can figure out who the seductive visitor was or why he came.","['Mystery', 'Drama']",['Pier Paolo Pasolini'],['Italy'],95
Casa de Farinha,1970,https://boxd.it/7Pn5uB,5.0,saudando a mandioca,2024-11-16,0.0,"Documentation of the production of cassava flour, a basic component in northeastern Brazilian food.",['Documentary'],['Geraldo Sarno'],['Brazil'],13
Pulp Fiction,1994,https://boxd.it/7Pyrzl,4.0,o vicent √© muito cuzao,2024-11-17,8.486,"A burger-loving hit man, his philosophical partner, a drug-addled gangster's moll and a washed-up boxer converge in this sprawling, comedic crime caper. Their adventures unfurl in three stories that ingeniously trip back and forth in time.","['Thriller', 'Crime', 'Comedy']",['Quentin Tarantino'],['United States of America'],154
I'm Still Here,2024,https://boxd.it/7PLF5P,5.0,‚Äútodo mundo ta em perigo Eunice‚Äù,2024-11-17,7.919,A woman married to a former politician during the 1971 military dictatorship in Brazil is forced to reinvent herself and chart a new course for her family after a violent and arbitrary act.,"['Drama', 'History']",['Walter Salles'],"['Brazil', 'France']",138
Inglourious Basterds,2009,https://boxd.it/7Q19e3,3.0,"achei bobinho, apesar de momentos bem bons.",2024-11-17,8.215,"In Nazi-occupied France during World War II, a group of Jewish-American soldiers known as ""The Basterds"" are chosen specifically to spread fear throughout the Third Reich by scalping and brutally killing Nazis. The Basterds, lead by Lt. Aldo Raine soon cross paths with a French-Jewish teenage girl who runs a movie theater in Paris which is targeted by the soldiers.","['Drama', 'Thriller', 'War']",['Quentin Tarantino'],"['Germany', 'United States of America']",153
Lady on the Bus,1978,https://boxd.it/7RagqR,4.0,"a bela da tarde ataca novamente, agora em terras tupiniquins. destruindo os valores da burguesia",2024-11-20,5.2,"Solange is a recently married young woman whose wedding night did not end well. After constant fights with her husband, she decides to live through her sexual frustration by sleeping with strangers she picks up on crowded buses in Rio de Janeiro.","['Drama', 'Comedy']","[""Neville D'Almeida""]","['Brazil', 'United States of America']",96
Night and Fog,1956,https://boxd.it/7RbDxt,5.0,"pesado demais.

de tudo que ja vi sobre nazismo, isso pareceu bem documental. cinema √© mem√≥ria.",2024-11-20,8.2,Filmmaker Alain Resnais documents the atrocities behind the walls of Hitler's concentration camps.,"['Documentary', 'History']",['Alain Resnais'],['France'],32
Where Is the Friend's House?,1987,https://boxd.it/80dR8d,5.0,"caraios adultos, melhorem",2024-12-08,7.889,"An 8-year-old boy must return his friend's notebook he took by mistake, lest his friend be punished by expulsion from school.","['Drama', 'Adventure']",['Abbas Kiarostami'],['Iran'],83
A Streetcar Named Desire,1951,https://boxd.it/81o8Ux,4.0,que cara insuport√°vel mano,2024-12-10,7.617,"A disturbed, aging Southern belle moves in with her sister for solace ‚Äî but being face-to-face with her brutish brother-in-law accelerates her downward spiral.","['Drama', 'Thriller']",['Elia Kazan'],['United States of America'],125
M,1931,https://boxd.it/81Go0r,5.0,"‚Äú√© preciso vigiar nossas crian√ßas mais de perto‚Äù

o uso do som nesse filme √© absurdo, sentir a presen√ßa do inimigo sem o ver √© genial.",2024-12-11,8.0,,['Drama'],['Alexander Korda'],['Germany'],0
The Driver,1978,https://boxd.it/832cUv,4.0,"um filme que nunca tinha visto e foi nost√°lgico lembrar do jogo de ps1 hajajaj
detetive cuzao demais, isabelle adjani, persegui√ß√£o, v8, e uma narrativa bem daora",2024-12-14,7.17,The Driver specializes in driving getaway cars for robberies. His exceptional talent has prevented him from being caught yet. After another successful flight from the police a self-assured detective makes it his primary goal to catch the Driver. He promises pardons to a gang if they help to convict him in a set-up robbery. The Driver seeks help from The Player to mislead the detective.,"['Crime', 'Thriller', 'Action']",['Walter Hill'],"['United Kingdom', 'United States of America']",91
Blood of the Condor,1969,https://boxd.it/83ejHH,5.0,"‚Äúgringos trazem desgra√ßa‚Äù

toda desgra√ßa que um slogan de possivel ‚Äúdesenvolvimento‚Äù a uma na√ß√£o de terceiro mundo causada pelo imperialismo. deixando bem claro todo o racismo e explora√ß√£o que o povo sofreu nessa industrializa√ß√£o do sul global.",2024-12-14,7.1,A community reacts against a group of foreigners who under the guise of development assistance are forcibly sterilizing the peasant women.,"['Crime', 'Drama']",['Jorge Sanjin√©s'],['Bolivia'],70
Dead for a Dollar,2022,https://boxd.it/83n0Bt,3.5,√© um bom filme mas nhe,2024-12-14,5.8,"In 1897, veteran bounty hunter Max Borlund is deep into Mexico where he encounters professional gambler and outlaw Joe Cribbens ‚Äî a sworn enemy he sent to prison years before. Max is on a mission to find and return Rachel Kidd, the wife of a wealthy businessman, who as the story is told to Max, has been abducted by Buffalo Soldier Elijah Jones. Max is ultimately faced with a showdown to save honor.","['Western', 'Thriller', 'Action']",['Walter Hill'],"['Canada', 'United States of America']",107
Dersu Uzala,1975,https://boxd.it/85Ex2N,5.0,isso √© realmente incr√≠vel em muitos n√≠veis,2024-12-18,7.912,"A military explorer meets and befriends a Goldi man in Russia‚Äôs unmapped forests. A deep and abiding bond evolves between the two men, one civilized in the usual sense, the other at home in the glacial Siberian woods.","['Adventure', 'Drama']",['Akira Kurosawa'],"['Japan', 'Soviet Union']",141
The Spirit of the Beehive,1973,https://boxd.it/87TVGl,5.0,bel√≠ssima pel√≠cula,2024-12-22,7.635,"In 1940, in the immediate aftermath of the Spanish Civil War, a young girl living on the Castilian plain is haunted after attending a screening of James Whale's 1931 film Frankenstein and hearing from her sister that the monster is not dead, instead existing as a spirit inhabiting a nearby barn.","['Drama', 'Fantasy']",['V√≠ctor Erice'],['Spain'],98
Juror #2,2024,https://boxd.it/88nbAV,3.0,"vendo uma segunda vez meio nhe, atua√ß√µes, os di√°logos, ficam pra tras",2024-12-22,6.879,"While serving as a juror in a high profile murder trial, family man Justin Kemp finds himself struggling with a serious moral dilemma‚Ä¶one he could use to sway the jury verdict and potentially convict‚Äîor free‚Äîthe accused killer.","['Drama', 'Thriller']",['Clint Eastwood'],['United States of America'],114
Heretic,2024,https://boxd.it/8a2JSP,1.5,porra pra onde vai/foi esse filme? hahahaha,2024-12-25,6.976,"Two young missionaries are forced to prove their faith when they knock on the wrong door and are greeted by a diabolical Mr. Reed, becoming ensnared in his deadly game of cat-and-mouse.","['Thriller', 'Horror']","['Scott Beck', 'Bryan Woods']",['United States of America'],111
Night and Fog,1956,https://boxd.it/8bctqz,5.0,"memoria, memoria e memoria",2024-12-26,8.2,Filmmaker Alain Resnais documents the atrocities behind the walls of Hitler's concentration camps.,"['Documentary', 'History']",['Alain Resnais'],['France'],32
Phoenix,2014,https://boxd.it/8iXPY1,5.0,"esse marido ganho o premio de maior arrombado de todos os tempos

final √© perfeito, pqp!!!!",2025-01-03,6.84,"German-Jewish cabaret singer Nelly survived Auschwitz but had to undergo reconstructive surgery as her face was disfigured. Without recognizing Nelly, her former husband Johnny asks her to help him claim his wife‚Äôs inheritance. To see if he betrayed her, she agrees, becoming her own doppelganger.",['Drama'],['Christian Petzold'],['Germany'],98
A German Youth,2015,https://boxd.it/8nEB1L,5.0,√© sempre bom demais rever esse filme,2025-01-08,7.1,"At the end of the 1960s the post-war generation began to revolt against their parents. This was a generation disillusioned by anti-communist capitalism and a state apparatus in which they believed they saw fascist tendencies. This generation included journalist Ulrike Meinhof, lawyer Horst Mahler, filmmaker Holger Meins as well as students Gudrun Ensslin and Andreas Baader.","['Documentary', 'History']",['Jean-Gabriel P√©riot'],"['Switzerland', 'Germany', 'France']",93
Los Angeles Plays Itself,2003,https://boxd.it/8Ar2HD,5.0,"mem√≥rias, mem√≥rias e mem√≥rias.

o que pensar sobre essa industria cultural imperialista? podre, desfigurando a pr√≥pria realidade em troca de acumulo de capital.
ja quero rever",2025-01-23,7.6,"From its distinctive neighborhoods to its architectural homes, Los Angeles has been the backdrop to countless movies. In this dazzling work, Andersen takes viewers on a whirlwind tour through the metropolis' real and cinematic history, investigating the myriad stories and legends that have come to define it, and meticulously, judiciously revealing the real city that lives beneath.",['Documentary'],['Thom Andersen'],['United States of America'],169
The Spook Who Sat by the Door,1973,https://boxd.it/8Bk72b,5.0,"organize-se, n√£o use drogas e venha para a luta, foda demais!!!",2025-01-24,6.25,"A black man plays Uncle Tom in order to gain access to CIA training, then uses that knowledge to plot a new American Revolution.","['Action', 'Drama', 'Crime', 'War']",['Ivan Dixon'],['United States of America'],102
Rockers,1978,https://boxd.it/8DxPkn,5.0,‚Äúthey tried to fool the whole black population but Jah not dead‚Äù,2025-01-27,7.1,"Horsemouth, a drummer living in a ghetto of Kingston, plans to make money selling records. After his prized motorcycle is stolen, his plans fall through and he's forced to adapt.","['Comedy', 'Drama', 'Music']",['Ted Bafaloukos'],['Jamaica'],100
Bring It On,2000,https://boxd.it/8Fpkxx,5.0,5 estrelas pq esse deve ser o filme preferido do phill,2025-01-29,6.264,"The Toro cheerleading squad from Rancho Carne High School in San Diego has got spirit, spunk, sass and a killer routine that's sure to land them the national championship trophy for the sixth year in a row. But for newly-elected team captain Torrance, the Toros' road to total cheer glory takes a shady turn when she discovers that their perfectly-choreographed routines were in fact stolen.",['Comedy'],['Peyton Reed'],['United States of America'],99
Baadasssss!,2003,https://boxd.it/8FOMSt,5.0,"tai Sweeback nosso heroi, que quase deu a vida pela revolucao que ele acreditava.",2025-01-30,6.456,"Director Mario Van Peebles chronicles the complicated production of his father Melvin's classic 1971 film, ""Sweet Sweetback's Baadasssss Song."" Playing his father in the film, Van Peebles offers an unapologetic account of Melvin's brash and sometimes deceptive conduct on the set of the film, including questionable antics like writing bad checks, tricking a local fire department and allowing his son, Mario, to shoot racy sex scenes at the age of 11.",['Drama'],['Mario Van Peebles'],['United States of America'],108
Killer of Sheep,1978,https://boxd.it/8FSJlz,5.0,"parece que a c√¢mera os persegue a comunidade, num sofrimento cotidiano sem saida, um racismo escancarado, e com os olhares das crian√ßas que crescem em meio a tanta desgra√ßa.",2025-01-30,6.556,An African-American man working at a slaughterhouse in the Watts area of Los Angeles leads a dissatisfied and listless existence.,['Drama'],['Charles Burnett'],['United States of America'],80
La Belle Noiseuse,1991,https://boxd.it/8H3i8f,4.0,4h de filme √© de fud,2025-02-01,7.244,"The former famous painter Frenhofer lives quietly with his wife on a countryside residence in the French Provence. When the young artist Nicolas visits him with his girlfriend Marianne, Frenhofer decides to start again the work on a painting he long ago stopped: La Belle Noiseuse. And he wants Marianne as model.",['Drama'],['Jacques Rivette'],"['France', 'Switzerland']",238
First Reformed,2017,https://boxd.it/8J1spp,4.5,"como a f√© pode caminhar ao lado da cobi√ßa, ganancia por grandes empresas no seu √∫nico objetivo verdadeiro que √© a acumula√ß√£o do capital?
como um padre lida com um cidad√£o desesperan√ßo com o mundo material, a nega√ß√£o da ciencia e a aliena√ß√£o por uma maioria?¬†
Uma narrativa bem interessante de contar a hist√≥ria de um padre lidando com todas essas quest√µes materiais do mundo que uma boa parcela nega.¬†
Sem contar algumas referencias bem diretas ao meu ver como ‚ÄúO setimo selo‚Äù do Bergman em alguns momentos.¬†
O melhor da A24 que eu vi ate agora eu acho. E o primeiro que vejo do Schrader",2025-02-03,6.978,A pastor of a small church in upstate New York starts to spiral out of control after a soul-shaking encounter with an unstable environmental activist and his pregnant wife.,['Drama'],['Paul Schrader'],"['United States of America', 'United Kingdom']",113
Gone in 60 Seconds,1974,https://boxd.it/8KgXlR,4.0,minha falha de car√°ter √© ser gearhead,2025-02-05,6.2,"Insurance investigator Maindrian Pace and his team lead double-lives as unstoppable car thieves. When a South American drug lord pays Pace to steal 48 cars for him, all but one, a 1973 Ford Mustang, are in the bag. As Pace prepares to rip-off the fastback, codenamed ""Eleanor"", in Long Beach, he is unaware that his boss has tipped off the police after a business dispute.","['Action', 'Crime', 'Thriller']",['H.B. Halicki'],['United States of America'],105
Soundtrack to a Coup d'Etat,2024,https://boxd.it/8LrmfD,5.0,"Patrice Lumumba ‚úäüèæ‚úäüèæ

Se ‚ÄúAinda estou aqui‚Äù ganha melhor filme no Oscar, esse pode ganhar de melhor document√°rio.",2025-02-07,7.6,Jazz and decolonization are intertwined in a powerful narrative that recounts one of the tensest episodes of the Cold War.,"['Documentary', 'History', 'Music']",['Johan Grimonprez'],"['Belgium', 'France', 'Netherlands']",150
Rio Babilonia,1982,https://boxd.it/8P2qpt,4.5,"Come√ßar pela trilha, que foi uma surpresa conhecer todos os arranjos por ter tido a oportunidade de ter contato com o trabalho de Robson Jorge e Lincoln Olivetti

‚ÄúNo Brasil, traficante se vicia, puta goza, cafet√£o se apaixona e o d√≥lar no mercado negro √© mais baixo que o d√≥lar oficial.‚Äù",2025-02-13,5.1,"A public relations man is invited to guide an American millionaire during his stay in Rio de Janeiro. He gets involved in the most bizarre situations, from orgiastic mega-parties to confrontations with the police, meetings with drug dealers and movie stars, facing corruption and even murder.","['Drama', 'Crime']","[""Neville D'Almeida""]",['Brazil'],115
Copacabana Mon Amour,1970,https://boxd.it/8S2IJ9,5.0,"meu que trilha daora do gilberto gil, a combina√ß√£o das imagens, da nisso, cinema de terceiro mundo, perfeito",2025-02-17,7.0,S√¥nia and her homosexual brother are both believed by their mother to be possessed by the devil. She works as a prostitute in the streets of Copacabana and he‚Äôs a servant who falls madly in love with his employer.,"['Drama', 'Comedy']",['Rog√©rio Sganzerla'],['Brazil'],85
L.A. Confidential,1997,https://boxd.it/8V6eu9,4.0,tudo √© pol√≠tico,2025-02-22,7.803,Three detectives in the corrupt and brutal L.A. police force of the 1950s use differing methods to uncover a conspiracy behind the shotgun slayings of the patrons at an all-night diner.,"['Crime', 'Mystery', 'Thriller', 'Drama']",['Curtis Hanson'],['United States of America'],138
Property Is No Longer a Theft,1973,https://boxd.it/8VjgUf,4.0,hipocrisia do homem de bem,2025-02-22,7.2,"A young bank teller, literally allergic to paper money, becomes the worst nightmare of his best customer, a wealthy butcher who manages his business unscrupulously.","['Comedy', 'Thriller']",['Elio Petri'],"['France', 'Italy']",121
Under the Silver Lake,2018,https://boxd.it/8WJEYr,4.0,"oxi pareceu um filme do hitchcock, bem legal",2025-02-24,6.364,"Young and disenchanted Sam meets a mysterious and beautiful woman who's swimming in his building's pool one night. When she suddenly vanishes the next morning, Sam embarks on a surreal quest across Los Angeles to decode the secret behind her disappearance, leading him into the murkiest depths of mystery, scandal and conspiracy.","['Crime', 'Drama', 'Mystery']",['David Robert Mitchell'],['United States of America'],139
Le Mans,1971,https://boxd.it/93SNGn,4.5,"O primeiro quarto do filme √© quase silencioso, com di√°logos limitados ao megafone da corrida. √â uma apoteose de uma disputa comercial em Le Mans, Fran√ßa, em 1970, palco de marketing das grandes montadoras como Ford, Ferrari e, no filme, principalmente a Porsche. Uma obra-prima que vai al√©m de um document√°rio ficcional, especialmente pelo uso de found footage. O protagonista √© a corrida em si, e n√£o a hist√≥ria, destacando a paix√£o de McQueen. O filme transforma um tema simples em uma experi√™ncia emocional, onde o som do motor e a adrenalina falam alto. Nunca imaginei ver um filme sobre carros t√£o cheio de sentimento e beleza.",2025-03-08,6.776,"Filmed during the annual 24-hour endurance race at Le Mans, Michael Delaney is a Porsche driver haunted by the memory of an accident at the previous year's race in which a competing driver was killed. Delaney also finds himself increasingly infatuated with the man's widow.","['Action', 'Drama']",['Lee H. Katzin'],['United States of America'],104
Martyrs,2008,https://boxd.it/97W4ex,4.5,isso aqui me lembro Sal√≤ do Pasolini,2025-03-14,7.3,"A young woman‚Äôs quest for revenge against the people who kidnapped and tortured her as a child leads her and her best friend, also a victim of child abuse, on a terrifying journey into a living hell of depravity.","['Horror', 'Drama', 'Thriller']",['Pascal Laugier'],"['Canada', 'France']",99
The Butcher,1970,https://boxd.it/9957bN,4.0,eita porra eita caraio,2025-03-16,7.11,"An unlikely friendship between a dour, working class butcher and a repressed schoolteacher coincides with a grisly series of Ripper-type murders in a provincial French town.","['Thriller', 'Crime', 'Drama']",['Claude Chabrol'],"['France', 'Italy']",93
Z,1969,https://boxd.it/9bYqll,5.0,"caralho, aquele filme que da vontade de arrebenta um facista",2025-03-21,7.767,"A prominent politician is murdered during a demonstration. The government and army are trying to suppress the truth. But, a tenacious magistrate is determined to not to let them get away with it.","['Thriller', 'Crime', 'Drama']",['Costa-Gavras'],"['Algeria', 'France']",127
Elite Squad,2007,https://boxd.it/9d8MN1,3.0,a guerra √© a estetica do facismo,2025-03-23,8.061,"In 1997, before the visit of the pope to Rio de Janeiro, Captain Nascimento from BOPE (Special Police Operations Battalion) is assigned to eliminate the risks of the drug dealers in a dangerous slum nearby where the pope intends to be lodged.","['Drama', 'Action', 'Crime']",['Jos√© Padilha'],['Brazil'],115
Isle of Flowers,1989,https://boxd.it/9ja01h,5.0,"‚Äúd√£o aos porcos, provas de historias‚Äù",2025-04-03,8.101,"A tomato is planted, harvested and sold at a supermarket, but it rots and ends up in the trash. But it doesn‚Äôt end there: Isle of Flowers follows it up until its real end, among animals, trash, women and children. And then the difference between tomatoes, pigs and human beings becomes clear.",['Documentary'],['Jorge Furtado'],['Brazil'],13
Fast Company,1979,https://boxd.it/9p5TNz,1.0,me senti assistindo um filme adolescente bobo,2025-04-13,5.077,An over the hill drag racer finds himself considering retirement and ceding the spotlight to his prot√©g√© and targeted for replacement by the oil-company executive who sponsors his team.,"['Drama', 'Action']",['David Cronenberg'],['Canada'],93
Zabriskie Point,1970,https://boxd.it/9pLokl,5.0,pure sound and vision,2025-04-15,7.016,"Anthropology student Daria, who's helping a property developer build a village in the Los Angeles desert, and dropout Mark, who's wanted by the authorities for allegedly killing a policeman during a student riot, accidentally encounter each other in Death Valley and soon begin an unrestrained romance.",['Drama'],['Michelangelo Antonioni'],"['Italy', 'United States of America']",113
Diabolique,1955,https://boxd.it/9sHUph,3.5,hahaha ai caraio,2025-04-19,7.903,"The cruel and abusive headmaster of a boarding school, Michel Delassalle, is murdered by an unlikely duo -- his meek wife and the mistress he brazenly flaunts. The women become increasingly unhinged by a series of odd occurrences after Delassalle's corpse mysteriously disappears.","['Thriller', 'Mystery']",['Henri-Georges Clouzot'],['France'],117
Presence,2024,https://boxd.it/9AdnYl,1.0,pareceu um ep do this is us,2025-05-02,6.11,"A couple and their children move into a seemingly normal suburban home. When strange events occur, they begin to believe there is something else in the house with them. The presence is about to disrupt their lives in unimaginable ways.","['Horror', 'Thriller', 'Drama']",['Steven Soderbergh'],['United States of America'],84
The Hour and Turn of Augusto Matraga,1965,https://boxd.it/9BAsXn,5.0,se √© pra algu√©m morrer que seja pra melhorar,2025-05-04,7.375,"Augusto Matraga is a violent agressive farmer who, after being betrayed by his wife and trapped by several enemies, is bitten up and left for dead, being rescued by a couple of humble small farmers who nurse him for a long time until he is well again. Influenced by the couple, Matraga starts a long penitent life while waiting for his hour and chance to payback, starting a fight between his violent nature, his hidden desire of vengeance and the mysticism and goodness which is also part of him.","['Action', 'Drama', 'Western']",['Roberto Santos'],['Brazil'],114
The Dare,1965,https://boxd.it/9BKsIx,5.0,achei maluco pensa no golpe e esse filme rolando e ao mesmo tempo lembrei do sentimento da epoca do inomin√°vel,2025-05-04,7.7,"Passively facing the repression imposed by military dictatorship in 1960s Brazil, a journalist enters a personal crisis, aggravated by his affair with an industrialist's wife, who doesn't want to leave her home because of her son.",['Drama'],['Paulo C√©sar Saraceni'],['Brazil'],81
Dreams,1990,https://boxd.it/9DthjP,5.0,"Dreams, de Kurosawa, √© um filme onde a natureza aparece como for√ßa maior, bela e indiferente, enquanto o ser humano vive em conflito com ela e consigo mesmo. H√° algo nietzschiano na camera: a vida √© mostrada como algo que deve ser afirmado, mas o ser humano insiste em neg√°-la, seja por guerra, gan√¢ncia ou medo.

Kurosawa n√£o faz um cinema preso √† l√≥gica burguesa, um ‚Äúrealismo objetivo‚Äù. Aqui, o importante √© o sentir, o cinema como arte que expressa o que n√£o se explica. Em vez de representar o mundo de forma fria ou racional, o filme revela um niilismo no sentido nietzschiano: a perda dos valores que afirmam a vida, a desconex√£o com o natural, o instintivo, o essencial. √â um mundo onde o ser humano j√° n√£o sabe mais por que vive, e segue destruindo o que o sustenta.",2025-05-07,8.0,"This 150-minute documentary, directed by Nobuhiko √îbayashi on the set of Akira Kurosawa's Dreams, features behind-the-scenes footage and interviews with cast and crew.",['Documentary'],['Nobuhiko Obayashi'],['Japan'],150
Araby,2017,https://boxd.it/9GRDcB,4.0,vamo todo mundo ir pra casa e deixa o trabalho pega fogo,2025-05-13,8.0,"Andr√©, a teenager, lives in an industrial town in Brazil near an old aluminum factory. One day, a factory worker, Cristiano, suffers an accident. Asked to go to Cristiano‚Äôs house to pick up clothes and documents, Andr√© stumbles on a notebook, and it‚Äôs here that Araby begins ‚Äî or, rather, transforms. As Andr√© reads from the journal entries, we are plunged into Cristiano‚Äôs life, into stories of his wanderings, adventures, and loves.",['Drama'],"['Jo√£o Dumans', 'Affonso Uch√¥a']",['Brazil'],98
Downfall,2004,https://boxd.it/9IaMXD,0.5,"O mais revoltante em A Queda √© como o horror do Holocausto vira quase uma nota de rodap√©. Enquanto isso, o filme gasta tempo tentando dar profundidade emocional pra burguesia alem√£ que tava lado a lado com os nazistas at√© o fim.

√â bizarro ver tanto esfor√ßo em mostrar Hitler como um velho quebrado, chorando, como se isso fosse significar alguma coisa. A trag√©dia verdadeira, o genoc√≠dio, o rastro de morte, fica l√° no fundo, quase fora de cena.

O momento mais honesto √© quando a crian√ßa ouve o tiro no quarto do Hitler e diz: ‚ÄúNa mosca.‚Äù Frio, direto. Sem apelo dram√°tico barato. O resto parece mais interessado em passa um pano pro partido nazista.",2025-05-16,7.854,"In April of 1945, Germany stands at the brink of defeat with the Russian Army closing in from the east and the Allied Expeditionary Force attacking from the west. In Berlin, capital of the Third Reich, Adolf Hitler proclaims that Germany will still achieve victory and orders his generals and advisers to fight to the last man. When the end finally does come, and Hitler lies dead by his own hand, what is left of his military must find a way to end the killing that is the Battle of Berlin, and lay down their arms in surrender.","['Drama', 'History', 'War']",['Oliver Hirschbiegel'],"['Austria', 'Germany', 'Italy']",155
Ganja & Hess,1973,https://boxd.it/9O1d3r,5.0,"""Ele √© um viciado. N√£o √© um criminoso, √© uma v√≠tima. Ele √© viciado em sangue.""",2025-05-25,5.8,"After being stabbed with an ancient, germ-infested knife, a doctor finds himself with an insatiable desire for blood.","['Drama', 'Fantasy', 'Horror']",['Bill Gunn'],['United States of America'],113
A Trip to the Moon,1902,https://boxd.it/9S8MXf,,que brisa ein mano,2025-06-01,7.903,"Professor Barbenfouillis and five of his colleagues from the Academy of Astronomy travel to the Moon aboard a rocket propelled by a giant cannon. Once on the lunar surface, the bold explorers face the many perils hidden in the caves of the mysterious planet.","['Adventure', 'Science Fiction', 'Fantasy']",['Georges M√©li√®s'],['France'],15
One Cut of the Dead,2017,https://boxd.it/9SsFIH,5.0,Pom!,2025-06-01,7.626,"Real zombies arrive and terrorize the crew of a zombie film being shot in an abandoned warehouse, said to be the site of military experiments on humans.","['Comedy', 'Horror', 'Drama']",['Shinichiro Ueda'],['Japan'],96
Phantom of the Paradise,1974,https://boxd.it/9Sxk9L,4.0,finalmente um musical pra chama de meu,2025-06-01,7.47,"Singer-songwriter Winslow Leach seeks revenge on the nefarious music producer Swan, who steals both Winslow's music and his favorite singer for the grand opening of Swan's new rock palace, the Paradise.","['Music', 'Comedy', 'Horror']",['Brian De Palma'],['United States of America'],92
"Local Power, Popular Power",1970,https://boxd.it/9UIwF5,5.0,"o esp√≠rito revolucion√°rio ilumina o caminho de cada cubano, lindo",2025-06-05,6.5,About the election in assembly of the President of the Poder Popular (Popular Power),['Documentary'],['Sara G√≥mez'],['Cuba'],9
Human Traffic,1999,https://boxd.it/9Vh5YT,3.5,"gosto que menciona bem o movimento jungle, mas gostei mais de como a paranoia √© trabalhada nesse filme. bem divertido",2025-06-06,6.796,"For Jip, Lulu, Koop, Nina and Moff, the dead-end jobs they endure during the week just kill the time until Friday night. That's when they cut very loose and get on the rollercoaster ride that takes them right through to Monday morning.","['Comedy', 'Drama']",['Justin Kerrigan'],"['United Kingdom', 'Ireland']",99
The Given Word,1962,https://boxd.it/9Vmxyp,5.0,"Quando a Igreja Cat√≥lica chegou ao Brasil, veio tentando ser a dona da f√©, junto com o poder e o dinheiro. Isso continua at√© hoje, agora com a for√ßa da bancada evang√©lica. A religi√£o virou uma forma de controle.

O Pagador de Promessas mostra isso muito bem. Z√© do Burro √© s√≥ um homem simples, cheio de f√©, que fez uma promessa num terreiro pra Santa B√°rbara (Ians√£). Ele n√£o quer briga, s√≥ quer cumprir sua palavra. Mas o sistema n√£o aceita.

A igreja, a m√≠dia e a pol√≠tica se juntam pra barrar ele. Z√© vira alvo de intoler√¢ncia e desprezo. E a cruz que ele carrega n√£o √© s√≥ dele, √© a cruz de um povo que sofre, que √© explorado, e que sempre teve sua f√© usada contra si.

O filme mostra como (at√© hoje) as religi√µes de matriz africana s√£o perseguidas e deslegitimadas. E como o poder ainda usa a f√© pra manter tudo como est√°, junto com a m√≠dia e politicos com interesses pr√≥prios.",2025-06-06,8.1,"Z√© is a very poor man whose most prized possession is his donkey. When his donkey falls terminally ill, Z√© makes a promise to Saint B√°rbara: If his donkey recovers, he will carry a cross - like Jesus - all the way from his city to Saint B√°rbara's church, in the state capital. Upon the recovery of his donkey, Z√© leaves on his journey. He makes it to the church, but the priest refuses to accept the cross once he discovers the context of Z√©'s promise.",['Drama'],['Anselmo Duarte'],['Brazil'],98
Black Christmas,1974,https://boxd.it/9WJdxh,5.0,porra eu fiquei com muito medo!!!,2025-06-08,6.944,"As the residents of the Pi Kappa Sigma sorority house prepare for the festive season, a stranger begins to harass them with a series of obscene phone calls.","['Horror', 'Mystery', 'Crime']",['Bob Clark'],['Canada'],98
Jacob's Ladder,1990,https://boxd.it/9Xjb5d,2.5,"nhe final explica tudo, tava melhor sem entende nada hahahah",2025-06-09,7.358,"After returning home from the Vietnam War, veteran Jacob Singer struggles to maintain his sanity. Plagued by hallucinations and flashbacks, Singer rapidly falls apart as the world and people around him morph and twist into disturbing images. His girlfriend, Jezzie, and ex-wife, Sarah, try to help, but to little avail. Even Singer's chiropractor friend, Louis, fails to reach him as he descends into madness.","['Drama', 'Mystery', 'Horror']",['Adrian Lyne'],['United States of America'],113
The Devil's Own,1997,https://boxd.it/9ZdLGZ,2.0,a political movie afraid to be political movie,2025-06-13,6.177,"Frankie McGuire, one of the IRA's deadliest assassins, draws an American family into the crossfire of terrorism. But when he is sent to the U.S. to buy weapons, Frankie is housed with the family of Tom O'Meara, a New York cop who knows nothing about Frankie's real identity. Their surprising friendship, and Tom's growing suspicions, forces Frankie to choose between the promise of peace or a lifetime of murder.","['Crime', 'Thriller', 'Drama']",['Alan J. Pakula'],['United States of America'],107
Obsession,1976,https://boxd.it/a73v19,5.0,verrrtigo,2025-06-24,6.646,A wealthy New Orleans businessman becomes obsessed with a young woman who resembles his late wife.,"['Thriller', 'Mystery', 'Drama']",['Brian De Palma'],['United States of America'],99
Civil War,2024,https://boxd.it/aaBSGp,2.5,simplesmente zero empatia por qlqr personagem,2025-06-30,6.848,"In the near future, a group of war journalists attempt to survive while reporting the truth as the United States stands on the brink of civil war.","['War', 'Action', 'Drama']",['Alex Garland'],"['Finland', 'United Kingdom', 'United States of America']",109
Umberto D.,1952,https://boxd.it/acYkh5,5.0,filme com cachorrinho fofo eh foda,2025-07-03,7.9,"When elderly pensioner Umberto Domenico Ferrari returns to his boarding house from a protest calling for a hike in old-age pensions, his landlady demands her 15,000-lire rent by the end of the month or he and his small dog will be turned out onto the street. Unable to get the money in time, Umberto fakes illness to get sent to a hospital, giving his beloved dog to the landlady's pregnant and abandoned maid for temporary safekeeping.",['Drama'],['Vittorio De Sica'],['Italy'],91
Dawn of the Dead,1978,https://boxd.it/aeF7Id,5.0,mais f√°cil enxergar o fim do mundo do que o fim do capitalismo,2025-07-06,7.5,"During an ever-growing epidemic of zombies that have risen from the dead, two Philadelphia SWAT team members, a traffic reporter, and his television-executive girlfriend seek refuge in a secluded shopping mall.","['Horror', 'Science Fiction']",['George A. Romero'],"['Italy', 'United States of America']",127
Men and Women,1964,https://boxd.it/au15ML,5.0,"A classe burguesa, que apesar de ter acesso a tudo, vive frustrada, entediada, desconectada. Eles t√™m ‚Äúpoder social‚Äù(dinheiro, status, prest√≠gio) mas n√£o t√™m pot√™ncia emocional nenhuma. S√£o ricos, mas impotentes diante da pr√≥pria solid√£o. Mostrando que dinheiro n√£o tr√°s realiza√ß√£o alguma.

Esses personagens est√£o t√£o inseridos numa l√≥gica de troca (grana por afeto, sexo por presen√ßa) que j√° n√£o conseguem mais se relacionar de verdade. Tudo √© mercadoria, at√© o sentimento. As rela√ß√µes s√£o frias, calculadas, sem alma.

As prostitutas sabem que o jogo √© esse: vender companhia pra homens vazios. Mas mesmo com alguma liberdade dentro do sistema, tamb√©m est√£o presas numa l√≥gica onde tudo tem pre√ßo e nada tem valor.

Noite Vazia √© sobre o colapso das rela√ß√µes humanas numa sociedade onde at√© o prazer √© capitalizado. Um retrato da classe dominante em crise existencial, afogada em consumo, mas com o cora√ß√£o seco.

ps: essa trilha(esse √°lbum especificamente que toca no filme) do zimbo trio √© muito foda irmao!",2025-07-26,7.0,"Two friends take two prostitutes for a night of pleasure. But the night turns out to be frustrating for all involved, as much bitterness is revealed in their conversation and attitudes, uncovering their anguish and deeper feelings, and the emptiness of their lives.",['Drama'],['Walter Hugo Khouri'],['Brazil'],93
Bram Stoker's Dracula,1992,https://boxd.it/aCNP2n,4.0,"O monstro √© desejo e repulsa ao mesmo tempo, ao mesmo tempo √©, o inverso aos valores da sociedade de sua √©poca, √© aquele que a sociedade o isolou e este busca apenas ser amado novamente.",2025-08-05,7.4,"Centuries-old vampire Count Dracula travels to Victorian London, where he becomes obsessed with Mina Murray‚Äîthe fianc√©e of his solicitor, Jonathan Harker‚Äîbelieving her to be the reincarnation of his long-lost love.","['Romance', 'Horror']",['Francis Ford Coppola'],['United States of America'],128
The Searchers,1956,https://boxd.it/aIfhIl,2.0,"‚ÄúVAI A P√â OTARIO‚Äù
que odio desse filme",2025-08-12,7.699,"As a Civil War veteran spends years searching for a young niece captured by Indians, his motivation becomes increasingly questionable.",['Western'],['John Ford'],['United States of America'],119
That Most Important Thing: Love,1975,https://boxd.it/aLR10P,5.0,!!!!! - fetichismo da mercadoria,2025-08-17,7.0,"Servais Mont, a freelance photographer who works taking compromising photos, gets fascinated by Nadine Chevalier, a tormented low-budget movie actress married to an eccentric film photo collector.","['Drama', 'Romance']",['Andrzej ≈ªu≈Çawski'],"['France', 'Germany', 'Italy']",113
L'Argent,1983,https://boxd.it/b2d8gX,5.0,"‚ÄúO direito burgu√™s se apresenta como neutro e universal, mas na verdade reproduz e legitima as desigualdades sociais.‚Äù",2025-09-10,6.971,"A forged 500-franc note is passed from person to person and shop to shop, until it falls into the hands of a genuine innocent who doesn't see it for what it is‚Äîwhich will have devastating consequences on his life.","['Crime', 'Drama']",['Robert Bresson'],"['France', 'Switzerland']",85
Year of the Dragon,1985,https://boxd.it/be0gbD,4.0,"o verdadeiro antagonista n√£o √© o crime, mas o Estado(express√£o dos interesses burgueses) que organiza a viol√™ncia para manter a ordem e refor√ßar hierarquias de ra√ßa e classe. quem o enfrenta, como o protagonista, ataca apenas os sintomas. o combate ao crime vira espet√°culo e legitima a repress√£o. veterano do vietn√£, o protagonista carrega uma vis√£o de mundo moldada pela guerra, onde o ""inimigo"" √© sempre racializado. seu racismo n√£o √© apenas pessoal, mas parte estrutural da fun√ß√£o que ocupa. ele n√£o rompe com o sistema, ele o reproduz.",2025-09-30,6.828,"In New York, racist Capt. Stanley White becomes obsessed with destroying a Chinese-American drug ring run by Joey Tai, an up-and-coming young gangster as ambitious as he is ruthless. While pursuing an unauthorized investigation, White grows increasingly willing to violate police protocol, resorting to progressively violent measures -- even as his concerned wife, Connie, and his superiors beg him to consider the consequences of his actions.","['Action', 'Crime', 'Thriller']",['Michael Cimino'],['United States of America'],134
Desperate Hours,1990,https://boxd.it/beK2Hd,4.0,"mano, o que esse filme deve ter de simbologia n√£o t√° escrito",2025-10-01,5.4,"An escaped con, on the run from the law, moves into a married couple's house and takes over their lives.","['Thriller', 'Crime']",['Michael Cimino'],['United States of America'],105
Spontaneous Combustion,1989,https://boxd.it/bgn1v3,3.5,‚Äúamerica first nuclear family‚Äù,2025-10-04,4.695,"A young man learns that his parents had been used in an atomic-weapons experiment shortly before his birth, and that the results have had some unexpected effects on him.","['Horror', 'Science Fiction']",['Tobe Hooper'],['United States of America'],97
A Fistful of Dollars,1964,https://boxd.it/bh1q39,3.0,"Yojimbo(Kurosawa) bem n√≠tido como refer√™ncia aqui

edit: descobri que o kurosawa processou serginho por causa desse filme",2025-10-05,7.828,"The Man With No Name enters the Mexican village of San Miguel in the midst of a power struggle among the three Rojo brothers and sheriff John Baxter. When a regiment of Mexican soldiers bearing gold intended to pay for new weapons is waylaid by the Rojo brothers, the stranger inserts himself into the middle of the long-simmering battle, selling false information to both sides for his own benefit.",['Western'],['Sergio Leone'],"['Germany', 'Italy', 'Spain']",99
The Priest and the Girl,1966,https://boxd.it/blUO05,5.0,"Glauber Rocha:
‚Äú(‚Ä¶) um ascetismo proximo a Robert Bresson, Joaquim Pedro revigora o tema pelas alegorias que n√£o disse; e sua arte do n√£o se fez pela arte do sim; o seu sil√™ncio grita‚Äù

Referencia de ‚ÄúDi√°rio de um p√°roco‚Äù de Robert Bresson. Ambos em suas jornadas ontol√≥gicas conflituosas entre o ser e o ter. Um pelo desejo da carne o outro por uma busca espiritual onde se v√™ fracassado. Como no cinema de Bresson onde explora o limite desses conflitos existenciais natural do ser, o padre de ‚ÄúDi√°rio de um p√°roco‚Äù pra ser, encontra sentido na entrega total, mesmo na dor, em ‚ÄúO padre e a mo√ßa‚Äù, seu ser est√° em suspens√£o, sem respostas, √† merc√™ de for√ßas externas e internas.",2025-10-12,7.1,"In a small town in Minas Gerais, the arrival of a young priest causes a commotion in the conservative atmosphere of the place, aggravated by the sudden attraction this priest feels for a beautiful girl. This forbidden love affair soon turns into an unbridled passion.","['Romance', 'Drama']",['Joaquim Pedro de Andrade'],['Brazil'],90
Strawberry and Chocolate,1993,https://boxd.it/bnee5H,5.0,"‚ÄúLos errores no son la Revoluci√≥n, son una parte de la revoluci√≥n, pero no es la Revoluci√≥n, ¬øentiendes?‚Äù

Morango e Chocolate mostra como o di√°logo, o confronto de ideias e o aprendizado m√∫tuo podem revelar a for√ßa da diferen√ßa como caminho para uma liberdade pessoal. A rela√ß√£o entre David, um estudante comunista, e Diego, um intelectual homossexual, simboliza o choque entre o regime totalit√°rio cubano e a busca por liberdade art√≠stica, entre o que √© imposto como senso comum e o desejo pessoal, entre o pensamento materialista dial√©tico e a sensibilidade humana. Cada cena traz um peso hist√≥rico e emocional, e os di√°logos v√£o al√©m do que est√° escrito: h√° uma verdade ali que toca profundamente. O filme convida a enxergar o outro com profundidade, e isso, por si s√≥, j√° √© um ato revolucion√°rio",2025-10-14,7.0,"In 1979 Cuba, flamboyant gay artist Diego attempts to seduce  straitlaced David, an idealistic young communist, and fails dismally. But David conspires to be ""friends"" with Diego so he can monitor the artist's subversive life for the state. As Diego and David discuss politics, individuality and personal expression in Castro's Cuba, a genuine friendship develops between the two.","['Comedy', 'Drama']","['Tom√°s Guti√©rrez Alea', 'Juan Carlos Tab√≠o']","['Cuba', 'Mexico', 'Spain']",108
Daguerr√©otypes,1975,https://boxd.it/btw3fV,5.0,"O filme se situa entre a fotografia e o cinema, entre o fixo e o movimento, entre o nascimento e a maturidade da imagem t√©cnica. Benjamin via no daguerre√≥tipo o in√≠cio da crise da aura; Varda sugere que a mem√≥ria pode sobreviver √† t√©cnica, desde que haja um olhar sens√≠vel. Sua c√¢mera n√£o destr√≥i a aura, mas a faz ressurgir no cotidiano, como se dissesse a Benjamin que ainda √© poss√≠vel reencontr√°-la na vida comum, quando o olhar √© ao mesmo tempo pol√≠tico e po√©tico.",2025-10-24,7.275,"An intimate portrait of the small shops and shopkeepers of the Rue Daguerre in Paris, a picturesque street that has been the filmmaker‚Äôs home for more than 50 years.",['Documentary'],['Agn√®s Varda'],"['France', 'Germany']",80
La Jet√©e,1962,https://boxd.it/bZI9AH,5.0,"a escolha no uso de fotografias como condutor da narrativa pode soar meio paia, mas √© incr√≠vel como surge uma narrativa hipn√≥tica e potente.
essa √© a segunda vez que vejo La Jet√©e e ja tinha achado incr√≠vel, mas apareceu pra mim entre esse per√≠odo algo como:‚Äùsimultaneamente somos passado, presente e futuro‚Äù algo vago, e dai me surgiu a vontade de rever La Jet√©e.¬†

o tempo n√£o √© apresentado como neutro ou metaf√≠sico apenas, mas uma for√ßa real que atravessa o sujeito. o experimento temporal realizado sobre o protagonista revela a forma extrema da instrumentaliza√ß√£o do corpo e da mem√≥ria. o valor do individuo n√£o est√° em sua vida concreta, livre arb√≠trio, ou liberdade como os neoliberais gostam de afirmar, mas em sua capacidade de sustentar uma imagem que possa ser explorado para garantir a sobreviv√™ncia futura de uma sociedade devastada, uma vez que o filme acontece no p√≥s ‚ÄúTerceira Guerra Mundial‚Äù. essa imagem atravessa toda a sua vida porque a hist√≥ria n√£o se apresenta como sucess√£o livre de momentos, mas como estrutura que se repete e se imp√µe. o tempo, assim, torna-se algo a ser explorado, acumulado e dominado por aqueles que det√™m os meios t√©cnicos e pol√≠ticos. o protagonista n√£o escolhe sua lembran√ßa fundadora, ela √© imposta. o filme exp√µe esse loop hist√≥rico da domina√ß√£o. o futuro que prometia salva√ß√£o repete a viol√™ncia do presente, que j√° estava inscrita no passado e as rela√ß√µes de poder permanecem intactas. √© passado porque carrega uma mem√≥ria que o constitui, √© presente porque seu corpo sofre a viol√™ncia concreta do experimento e √© futuro porque sua exist√™ncia √© constantemente justificada por aquilo que ainda n√£o ocorreu. o sujeito √© dominado pelo tempo. o tempo n√£o √© emancipador apenas reorganiza a mesma estrutura de explora√ß√£o.",2025-12-09,7.875,A man confronts his past during an experiment that attempts to find a solution to the problems of a post-apocalyptic world caused by a world war.,"['Drama', 'Romance', 'Science Fiction']",['Chris Marker'],['France'],29
Tropical Paths,1977,https://boxd.it/bZITYF,5.0,"mano, muito bom!",2025-12-09,5.8,"In the island of Paquet√°, professor investigates the genital vocation of vegetables and fruits, maintaining sexual relations with a watermelon. In his experiences, he counts on the interlocution of an attentive student.",['Comedy'],['Joaquim Pedro de Andrade'],['Brazil'],25
The Blue Trail,2025,https://boxd.it/c58A6h,3.5,me lembrou My favorite cake,2025-12-16,7.2,"In the name of economic recovery, the Brazilian Government created a perennial system of compulsory vertical isolation for seniors over 80 to be confined in a colony. Teca is 77 and lives in the village of Muriti, in the Amazon, when she is surprised by the announcement of the age reduction, including her age group. Cornered, Teca makes an intriguing journey hidden from the officers amidst rivers, boats and the underworld to clandestinely try to fulfill her last dream, to take a plane ride.","['Drama', 'Science Fiction', 'Comedy']",['Gabriel Mascaro'],"['Brazil', 'Mexico', 'Chile', 'Netherlands']",87
Downtown '81,2000,https://boxd.it/cs1wMV,2.5,"a perda do som, a dublagem tardia n√£o s√£o falhas t√©cnicas apenas, mas marcas materiais do abandono. enquanto o artista vive, sua produ√ß√£o √© precarizada; quando morre, ela √© mercantilizada.

dito isso,a historia da produ√ß√£o do filme com a historia do filme parecem ser espirais, dois lados de uma mesma moeda.¬†uma historia sobre a produ√ß√£o cultural no capitalismo no come√ßo dos anos 80.

tinha muito potencial eu acho, mas parece um grande videoclipe.
uma pena :/",2026-01-04,6.672,"The film is a day in the life of a young artist, Jean-Michel Basquiat, who needs to raise money to reclaim the apartment from which he has been evicted. He wanders the downtown streets carrying a painting he hopes to sell, encountering friends, whose lives (and performances) we peek into.","['Drama', 'Comedy', 'Music']",['Edo Bertoglio'],['United States of America'],72
The Incredible Shrinking Man,1957,https://boxd.it/cvTCRR,5.0,√© incrivel mesmo!,2026-01-07,7.495,"A dangerous combination of radiation and insecticide causes the unfortunate Scott Carey to shrink, slowly but surely, until he is only a few inches tall. His home becomes a wilderness where he must survive everything from spiders living in the cellar to his beloved cat.","['Science Fiction', 'Drama', 'Adventure', 'Horror']",['Jack Arnold'],['United States of America'],81
