Date,Content
2024-03-09,https://boxd.it/5Z3LtJ
2024-03-10,https://boxd.it/2PDLbj
2024-03-12,https://boxd.it/3qkpZB
2024-04-16,https://boxd.it/6hSZMf
2024-04-17,https://boxd.it/6fz7lN
2024-04-17,https://boxd.it/5PbZIJ
2024-05-01,https://boxd.it/1aoCIh
2024-05-14,https://boxd.it/19k7F5
2024-05-14,https://boxd.it/5lKH2Z
2024-05-14,https://boxd.it/5kFNzL
2024-05-20,https://boxd.it/5JEFgp
2024-05-22,https://boxd.it/60tjTb
2024-05-22,https://boxd.it/4H6T6f
2024-05-23,https://boxd.it/6rYjUX
2024-05-26,https://boxd.it/6xRuQ3
2024-06-05,https://boxd.it/1sFPvL
2024-06-10,https://boxd.it/6EcXHF
2024-07-26,https://boxd.it/6XCVQj
2024-07-26,https://boxd.it/6WJOU9
2024-07-29,https://boxd.it/33oaIL
2024-08-01,https://boxd.it/6ZvkTz
2024-08-01,https://boxd.it/6zZAtj
2024-08-18,https://boxd.it/1YrSRZ
2024-08-20,https://boxd.it/78Rs29
2024-08-25,https://boxd.it/5GE7EP
2024-09-02,https://boxd.it/7ejQEx
2024-09-03,https://boxd.it/7eM76N
2024-09-11,https://boxd.it/7iCvxJ
2024-09-15,https://boxd.it/7f2ofz
2024-09-17,https://boxd.it/7lgQbn
2024-09-25,https://boxd.it/7oFpoB
2024-10-21,https://boxd.it/7B7Kqd
2024-10-21,https://boxd.it/2QTmJV
2024-10-28,https://boxd.it/7F3n5z
2024-10-31,https://boxd.it/7GeWFX
2024-11-15,https://boxd.it/7NTtnv
2024-11-21,https://boxd.it/2itWZR
2024-12-10,https://boxd.it/80JFGL
2024-12-16,https://boxd.it/83QrLj
2024-12-21,https://boxd.it/86Mdtz
2024-12-24,https://boxd.it/88823t
2024-12-24,https://boxd.it/887XyL
2025-01-28,https://boxd.it/8E1WoV
2025-02-02,https://boxd.it/8GI8Mn
2025-02-03,https://boxd.it/8CZSMV
2025-02-05,https://boxd.it/8EPt8z
2025-02-05,https://boxd.it/8kerDL
2025-02-05,https://boxd.it/7Mfqpf
2025-02-05,https://boxd.it/8JpWsr
2025-02-07,https://boxd.it/8JqpMb
2025-02-09,https://boxd.it/8LrnQF
2025-02-09,https://boxd.it/8MillL
2025-02-25,https://boxd.it/8TEjaN
2025-02-27,https://boxd.it/8XEy3N
2025-03-17,https://boxd.it/99adil
2025-03-22,https://boxd.it/9bHLrb
2025-03-28,https://boxd.it/2Z5AFJ
2025-04-14,https://boxd.it/9oItVB
2025-04-22,https://boxd.it/9ubIid
2025-05-04,https://boxd.it/9BJFZ5
2025-05-05,https://boxd.it/9uUUz1
2025-05-05,https://boxd.it/8RwSv3
2025-05-07,https://boxd.it/9Dh1iH
2025-05-22,https://boxd.it/9L9AyV
2025-05-31,https://boxd.it/9R38oP
2025-06-03,https://boxd.it/9Taazn
2025-06-04,https://boxd.it/9TFhhR
2025-06-05,https://boxd.it/9TGMln
2025-06-06,https://boxd.it/9UDaJf
2025-06-09,https://boxd.it/8bokCP
2025-06-18,https://boxd.it/2cSnsz
2025-07-25,https://boxd.it/asQ7vV
2025-07-28,https://boxd.it/avALtP
2025-07-31,https://boxd.it/76cTff
2025-08-01,https://boxd.it/aysxrr
2025-08-03,https://boxd.it/azJ6Ml
2025-08-03,https://boxd.it/azABcZ
2025-08-04,https://boxd.it/aAtI1z
2025-08-08,https://boxd.it/aEjcqt
2025-08-11,https://boxd.it/aG61aB
2025-08-13,https://boxd.it/4ig8iN
2025-08-13,https://boxd.it/589Oiz
2025-08-31,https://boxd.it/aTEY3J
2025-09-14,https://boxd.it/b3VDIP
2025-09-30,https://boxd.it/bdrnLj
2025-10-01,https://boxd.it/beibY7
2025-10-06,https://boxd.it/aQUqKp
2025-10-13,https://boxd.it/bljySV
2025-10-13,https://boxd.it/b8HgfR
2025-10-16,https://boxd.it/bnRGmp
2025-10-17,https://boxd.it/bo20TX
2025-10-17,https://boxd.it/21XDLX
2025-10-25,https://boxd.it/9wL9pt
2025-10-26,https://boxd.it/7XRrQB
2025-10-26,https://boxd.it/7ssRhj
2025-10-26,https://boxd.it/3frILN
2025-10-29,https://boxd.it/5Au7UT
2025-10-29,https://boxd.it/bwAYYN
2025-10-31,https://boxd.it/1kHptr
2025-10-31,https://boxd.it/bxDK9V
2025-11-04,https://boxd.it/bB4he9
2025-11-06,https://boxd.it/bBB3Et
2025-11-15,https://boxd.it/bI7dtt
2025-11-22,https://boxd.it/bMBojv
2025-11-23,https://boxd.it/bNmeEn
2025-11-26,https://boxd.it/bPXHGT
2025-12-11,https://boxd.it/2VEx9p
2025-12-15,https://boxd.it/c3hZxx
2025-12-29,https://boxd.it/cig0lt
2026-01-05,https://boxd.it/21oFrF
2026-01-05,https://boxd.it/csnyj1
2026-01-06,https://boxd.it/ctWDwj
